"kickLength","hangTime","speedOfClosestCoverage","distanceToClosestCoverage","netCoverage","kickTeamWithin5","receivingTeamWithin5","yardsTillTouchdown","gameId","playId"
71,4.21,8.25,38.2804519304566,0,0,0,75,2018123000,392
74,3.92,8.56,41.9457673669227,0,0,0,75,2018123003,735
72,3.98,9.73,41.9703526313516,0,0,0,75,2018123003,1826
70,4.24,9.89,36.9514343429318,0,0,0,75,2018123004,243
69,3.93,9.27,40.2634188811631,0,0,0,75,2018123006,36
70,3.94,7.84,41.5804822001862,0,0,0,75,2018123007,36
68,4.11,8.45,37.6847767672836,0,0,0,75,2018123007,3779
70,3.83,8.8,39.4321797520756,0,0,0,75,2018123009,3402
72,3.99,9.58,39.3002760804552,0,0,0,75,2018123010,3943
67,3.83,8.73,35.8150317604215,0,0,0,75,2018123012,1675
66,3.93,9.27,35.261111723824,0,0,0,75,2018123012,2651
72,4.1,8.81,40.4303747200048,0,0,0,75,2018123013,3437
70,3.9,9.83,40.7733994167766,0,0,0,75,2018123015,36
71,3.69,7.69,41.7461339527387,0,0,0,75,2018122200,3319
69,3.97,9.35,36.5728861316686,0,0,0,75,2018122201,2414
70,3.74,8.97,41.6069056768224,0,0,0,75,2018122201,2775
67,3.74,8.97,40.5322254508681,0,0,0,75,2018122305,2691
70,4,10.17,40.7895378743128,0,0,0,75,2018122306,267
73,3.5,8.76,43.006028647156,0,0,0,75,2018122306,2900
69,4,8.82,40.7397619040661,0,0,0,75,2018122306,3086
73,3.86,9.93,43.0178846527813,0,0,0,75,2018122307,36
71,4.02,8.97,42.7390278317137,0,0,0,75,2018122307,3439
67,3.87,8.21,37.910807166295,0,0,0,75,2018122309,732
72,3.83,8.67,43.3268842636994,0,0,0,75,2018122309,2327
69,3.26,9.84,42.6416932121603,0,0,0,75,2018122309,2647
70,3.72,9.06,43.1115993672237,0,0,0,75,2018122309,4892
70,3.74,8.2,39.1057041874967,0,0,0,75,2018122313,36
71,3.81,9.45,37.710503841768,0,0,0,75,2018122313,1394
68,3.43,9.78,45.0479844166196,0,0,0,75,2018122313,2712
66,3.42,10.2,39.4708930732508,0,0,0,75,2018122313,4463
68,4.09,10.21,34.9368716401455,0,0,0,75,2018122314,716
70,3.99,9.58,37.7825899059342,0,0,0,75,2018122400,2152
74,4.31,9.84,22.8593132005316,0,0,0,75,2018121300,369
70,4.55,9.26,36.0108664155696,0,0,0,75,2018121300,3510
71,4.11,8.7,39.1690043274015,0,0,0,75,2018121500,36
71,4.21,9.58,34.9484262878888,0,0,0,75,2018121500,1526
68,3.99,8.16,34.5021419624927,0,0,0,75,2018121500,2169
52,3.82,1.14,2.54945092127696,2,4,2,75,2018121500,3680
70,4.17,8.83,36.6042197021054,0,0,0,75,2018121601,2475
69,4.09,9.62,35.9639513958074,0,0,0,75,2018121604,830
68,4.06,8.75,37.7700052952075,0,0,0,75,2018121604,1656
68,3.72,8.57,37.9200474683247,0,0,0,60,2018121604,3717
75,4.11,9.95,38.1997971198801,0,0,0,75,2018121606,746
73,4.02,8.97,23.6382846247354,0,0,0,75,2018121609,2927
67,3.98,10.06,40.3150158129697,0,0,0,75,2018121609,3509
70,3.85,8.99,37.5437411561501,0,0,0,75,2018121610,36
73,3.86,9.16,43.6790773712083,0,0,0,75,2018121611,1126
68,4.03,9.64,35.7762169604334,0,0,0,75,2018121700,1292
69,3.81,8.33,37.3012305427046,0,0,0,75,2018120600,1281
70,3.85,9.51,41.4443542596576,0,0,0,75,2018120600,2073
67,3.58,9.41,39.1960010715379,0,0,0,75,2018120600,2127
71,3.86,8.47,42.8704431980823,0,0,0,75,2018120600,2604
69,3.85,9.41,42.0305377077191,0,0,0,75,2018120901,362
66,4.14,9.11,35.0915146438566,0,0,0,75,2018120902,484
69,3.44,9.35,30.9435243629422,0,0,0,75,2018120903,356
69,4.25,8.32,37.99317965109,0,0,0,75,2018120908,1383
51,3.22,9.33,31.1832663459106,0,0,0,75,2018120908,1747
70,4.18,8.39,38.0088252909768,0,0,0,75,2018120912,3388
72,3.92,8.9,40.9907794509936,0,0,0,75,2018120912,3765
69,4.42,8.82,33.6592171626139,0,0,0,75,2018120201,2221
71,3.69,9.53,43.3613675983588,0,0,0,75,2018120203,2050
73,4.36,8.13,34.4630410730104,0,0,0,75,2018120205,35
65,3.89,9.64,39.2766444595258,0,0,0,75,2018120207,5029
70,4.03,8.72,37.0021458837187,0,0,0,75,2018120208,36
66,3.89,8.75,35.6333607732978,0,0,0,75,2018120208,852
70,4.08,9.45,37.2436786582636,0,0,0,75,2018120208,1676
70,4.01,8.83,37.9911108023969,0,0,0,75,2018120208,3085
66,4.22,8.3,27.5841403708725,0,0,0,75,2018120210,1564
70,4.08,9.16,39.9099248307987,0,0,0,75,2018120211,385
67,4.05,9.53,36.2757549886973,0,0,0,75,2018120300,2148
68,3.97,9.6,38.308401167368,0,0,0,75,2018120300,2999
68,4.01,8.05,36.8673215734477,0,0,0,75,2018112200,2183
70,4.33,9.16,37.0808427628068,0,0,0,75,2018112201,2939
69,3.67,9.97,38.778553351047,0,0,0,75,2018112202,810
70,3.94,9.2,38.3874588895905,0,0,0,75,2018112502,697
68,4.16,9.62,36.6859877882551,0,0,0,75,2018112502,3368
69,3.9,10.34,38.4210267952328,0,0,0,75,2018112504,234
72,4.14,8.47,38.2132647126623,0,0,0,75,2018112504,405
74,4.12,8.18,41.6418635509988,0,0,0,75,2018112504,2597
70,4.2,9.82,34.5477481176415,0,0,0,75,2018112505,36
53,3.96,9.41,26.0508502740314,0,0,0,75,2018112505,686
68,4.13,8.6,38.6821884075863,0,0,0,75,2018112505,2600
70,3.93,9.63,39.3922555840612,0,0,0,75,2018112505,3593
70,3.96,9.71,42.1966847038959,0,0,0,75,2018112506,1664
70,4.15,8.33,39.0727731291241,0,0,0,75,2018112506,2209
70,4.41,7.28,36.6531922211422,0,0,0,75,2018112509,2870
71,NA,9.62,33.4484229822573,0,0,0,75,2018112510,592
69,4.02,9.63,39.803217206653,0,0,0,75,2018112510,771
69,4.06,9.32,38.5047139971199,0,0,0,75,2018112510,1227
67,4.12,9.27,34.4346918092786,0,0,0,75,2018112510,3014
70,4.02,9.55,36.812076822695,0,0,0,75,2018112600,979
69,4.02,9.09,31.8367146546248,0,0,0,75,2018112600,2912
68,3.59,8.86,45.3979217586004,0,0,0,75,2018111802,2101
67,3.66,8.97,40.5021209321191,0,0,0,75,2018111802,3256
66,4.27,8.77,33.4508310808566,0,0,0,75,2018111806,794
72,3.89,9.81,44.3372134893478,0,0,0,75,2018111806,2289
71,4.31,9.44,39.1180073623389,0,0,0,75,2018111806,3773
69,3.81,9.46,40.229110106986,0,0,0,75,2018111807,1015
67,4.08,8.67,36.5294306005446,-1,0,1,75,2018111807,1459
70,4,8.8,39.6106563944603,0,0,0,75,2018111809,799
73,3.98,9.52,42.466676347461,0,0,0,75,2018111809,1206
73,4,8.56,42.6369534558932,0,0,0,75,2018111809,3279
71,4.05,8.28,39.905945672293,0,0,0,75,2018111809,3608
68,3.9,9.83,37.6015278944885,0,0,0,75,2018111810,2228
72,4.14,9.53,40.6916219878245,0,0,0,75,2018111900,1835
67,4.24,9.36,35.1955821091227,0,0,0,75,2018111900,2583
67,3.85,9.5,25.3731511641735,0,0,0,75,2018110800,390
68,3.78,8.46,39.2722293739482,0,0,0,75,2018110800,1638
71,4.09,8.98,33.9360869871587,0,0,0,75,2018110800,2056
68,3.92,9.26,38.1020694976008,0,0,0,75,2018111103,1624
73,3.8,9.8,43.4471460512655,0,0,0,75,2018111103,2147
69,3.85,8.68,39.3779684595333,0,0,0,75,2018111103,3426
69,3.95,9.35,38.5166522428936,0,0,0,75,2018111106,783
67,4.51,10.2,30.3180952567934,0,0,0,75,2018111106,1049
71,3.57,9,42.2461477533751,0,0,0,75,2018111111,478
66,4.08,9.16,34.6586208611941,0,0,0,75,2018110100,2012
67,4.01,9.88,34.6257259851689,0,0,0,75,2018110400,961
69,4.01,8.76,36.1445984899542,0,0,0,75,2018110400,1641
70,4,9.8,39.2284144466737,0,0,0,75,2018110400,2700
74,4.18,9.21,39.2596408541902,0,0,0,75,2018110400,3045
73,4.08,9,39.5831643505165,0,0,0,75,2018110400,3629
70,3.36,9.31,47.4011307881996,0,0,0,75,2018110404,36
69,3.92,8.43,36.9538049461757,0,0,0,75,2018110409,503
70,4.04,9.44,39.3613541433727,0,0,0,75,2018110409,805
73,3.93,8.82,41.4225602781866,0,0,0,75,2018110409,3130
67,4.17,9.61,31.64076484537,0,0,0,75,2018110409,3748
68,4.24,8.76,36.770033995089,0,0,0,75,2018110500,576
67,3.98,10.28,37.4011122829255,0,0,0,75,2018110500,3473
70,3.59,9.28,42.12259488683,0,0,0,75,2018102500,2951
67,3.72,9.82,32.8371329442751,0,0,0,75,2018102800,37
68,3.93,8.95,38.3616892224521,0,0,0,75,2018102800,1099
74,4.1,9.72,39.5793911019359,0,0,0,75,2018102800,1708
68,3.93,8.12,38.8958673897369,0,0,0,75,2018102800,2091
68,3.75,8.43,40.0501510608886,0,0,0,75,2018102802,2982
69,3.93,8.63,36.999141881941,0,0,0,75,2018102802,3463
70,4.04,9.3,35.0484493237575,0,0,0,75,2018102808,2564
70,3.59,8.66,44.0013136167547,0,0,0,75,2018102810,3189
66,4.18,9.59,34.5600231481404,0,0,0,75,2018102811,758
69,4.11,8.26,37.7578349485243,-1,0,1,75,2018101800,1219
72,3.55,9.11,43.0716101393946,0,0,0,75,2018102100,1658
70,3.94,9.99,36.3851398238347,0,0,0,75,2018102101,1769
67,4.15,6.7,29.3365642160087,0,0,0,75,2018102101,2972
68,4.04,9.7,37.9900460647259,0,0,0,75,2018102103,1759
74,3.86,8.25,43.672734056846,0,0,0,75,2018102103,2325
72,4.03,9.01,40.6704634839585,0,0,0,75,2018102104,297
72,4.24,9.31,37.7807106868042,0,0,0,75,2018102104,2204
68,4.2,8.47,36.509861681469,0,0,0,75,2018102107,3980
67,NA,8.89,44.1498108716221,0,0,0,75,2018102111,2720
67,4.51,8.69,35.2667449589553,0,0,0,75,2018101100,2451
71,3.96,9.72,41.6956712381513,0,0,0,75,2018101401,36
71,4.02,8.61,39.148079135508,0,0,0,75,2018101402,1207
73,3.68,8.74,36.5007890325675,0,0,0,75,2018101404,36
72,4.2,8.44,40.5341584345845,0,0,0,75,2018101404,3812
70,4.31,9.33,35.0908677578654,0,0,0,75,2018101406,2606
69,4.06,8.3,36.9760057334483,0,0,0,75,2018101406,3294
67,3.86,8.37,39.1817125710452,0,0,0,75,2018101406,3550
70,3.97,9.24,40.6251670765795,0,0,0,75,2018101409,2137
70,4.07,9.26,39.1113091061908,0,0,0,75,2018101409,3064
70,4.38,9.51,37.1590877175423,0,0,0,75,2018101412,825
71,3.64,9.61,43.1408449152309,0,0,0,75,2018101500,36
69,3.95,9.84,36.850229307292,0,0,0,75,2018101500,1640
69,3.97,8.18,38.1335351101888,0,0,0,75,2018101500,2121
69,4.09,10.06,37.1403029066808,0,0,0,75,2018101500,2508
68,4.21,9.98,36.3091861654871,0,0,0,75,2018101500,2910
72,3.55,9.6,40.5556062708968,0,0,0,75,2018100700,36
66,4.13,9.25,34.6657294745113,0,0,0,75,2018100700,2005
73,3.97,8.41,44.1960507285436,0,0,0,75,2018100702,3414
70,3.8,9.52,37.7000013262599,0,0,0,75,2018100705,2209
67,4.07,9.96,34.6188402463167,0,0,0,75,2018100710,1268
67,4,9.3,27.6568201353662,0,0,0,75,2018100711,2351
70,4.18,8.35,37.7978584049414,0,0,0,75,2018100711,2937
67,4.04,9.85,32.1362879001293,0,0,0,75,2018100712,36
71,3.82,9.22,39.8984836804608,0,0,0,75,2018100712,876
67,4.2,9.93,29.613228462969,0,0,0,75,2018100712,1403
74,4.03,9.38,39.3668705893674,0,0,0,75,2018100712,2707
72,NA,10.01,43.6415684869369,0,0,0,75,2018100712,3407
71,4,9.79,36.4235706651613,0,0,0,75,2018100712,4030
67,4.25,9.92,29.06245172039,-1,0,1,75,2018100800,36
69,4.17,9.56,33.4972834719474,0,0,0,75,2018100800,363
71,4.11,8.82,40.5795527328727,0,0,0,75,2018100800,3452
70,4.09,8.74,40.1055332840744,0,0,0,75,2018093000,4020
73,4.27,9.03,38.4369522725203,0,0,0,75,2018093002,36
70,4.07,8.88,37.4634234954575,0,0,0,75,2018093002,931
73,3.86,8.68,42.020247500461,0,0,0,75,2018093002,1245
70,4.19,8.84,37.9967643359274,0,0,0,75,2018093002,1814
72,4.07,9.3,40.3003325048318,0,0,0,75,2018093002,2681
70,4.08,8.62,38.0702574196708,0,0,0,75,2018093002,3338
70,4.02,8.86,37.6971961822096,0,0,0,75,2018093002,3507
70,3.98,9.47,36.0409905524252,0,0,0,75,2018093003,2034
73,4.06,9.44,43.8791636201056,0,0,0,75,2018093004,36
74,4.19,9.28,41.0499232642401,0,0,0,75,2018093004,913
53,3.76,9.49,28.2902545057481,0,0,0,70,2018093004,2131
70,4.33,9.65,38.3155438431976,0,0,0,75,2018093004,2868
72,3.46,9.83,41.3838253427592,0,0,0,75,2018093005,40
73,3.88,9.17,42.6717013956556,0,0,0,75,2018093005,4380
67,4.01,8.77,30.7076423712404,0,0,0,75,2018093006,1572
74,4.18,9.15,41.1550738062757,0,0,0,75,2018093006,2147
70,3.76,9.52,38.6019908813004,0,0,0,75,2018093009,36
69,4.05,9.37,35.7060569091576,0,0,0,75,2018093009,855
69,3.67,9.44,41.2832581078577,0,0,0,75,2018093009,3961
73,4.2,10.11,38.5335087942949,0,0,0,75,2018093010,132
73,4.02,8.84,40.2772317817399,0,0,0,75,2018093010,767
72,3.63,9.36,41.8950999521424,0,0,0,75,2018093010,971
70,4.15,9.88,37.8167291023431,0,0,0,75,2018093010,3404
68,4.37,8.7,33.0368112868055,0,0,0,75,2018093011,457
70,4.07,9.82,36.3508294265757,0,0,0,75,2018093011,1347
71,3.97,9.39,41.9750080404995,0,0,0,75,2018093011,1681
70,4.14,9.1,33.1882931167,0,0,0,75,2018093011,2004
70,4.52,8.98,34.4663807209286,0,0,0,75,2018093011,2066
73,3.83,8.47,43.5307764690684,0,0,0,75,2018093011,2724
69,4.2,9.08,34.6962274606332,0,0,0,75,2018093012,36
73,4.14,9.55,37.8722193698758,0,0,0,75,2018093012,281
74,3.99,7.78,41.080215432736,0,0,0,75,2018093012,3484
74,4.08,8.51,41.6914007920099,0,0,0,70,2018093012,3971
73,3.76,9.61,43.1564989312154,0,0,0,75,2018092300,45
70,4.27,10.25,35.4057523574913,0,0,0,75,2018092303,359
73,4.01,8.42,41.2364317078964,0,0,0,75,2018092304,3448
74,4.36,9.56,39.2185695812583,0,0,0,75,2018092306,36
67,4.04,8.48,28.0300499464414,0,0,0,75,2018092307,36
68,4.12,9.86,35.263862522418,0,0,0,75,2018092308,991
66,4.04,7.26,34.5544454448339,0,0,0,75,2018092308,1685
67,3.87,8.99,37.1871859650606,0,0,0,75,2018092308,2351
74,3.68,8.52,42.0671487029963,0,0,0,75,2018092308,2814
66,3.73,8.54,39.2243661516665,0,0,0,75,2018092308,3173
73,3.73,9.5,39.7778946149743,0,0,0,75,2018092308,3733
67,4.27,7.71,34.7459422091271,0,0,0,75,2018092309,866
70,3.96,8.59,39.0810670273983,0,0,0,75,2018092309,4068
74,3.51,9.33,44.4867733152226,0,0,0,75,2018092310,54
74,3.84,8.31,43.6794974787943,0,0,0,75,2018092310,799
73,4.2,8.76,39.315209525068,0,0,0,75,2018092310,993
71,4.01,9.07,38.3736602371992,0,0,0,75,2018092310,2207
70,4.25,8.88,37.0761648502107,0,0,0,75,2018092310,2413
71,4.21,9.23,38.7103099961754,0,0,0,75,2018092311,192
70,4.06,8.79,36.0715192360954,0,0,0,75,2018092311,2080
70,4.04,9.81,36.7905449810138,0,0,0,75,2018092311,2570
74,4.13,9.47,43.3729973601087,0,0,0,75,2018092400,1992
69,4.15,9.69,34.7806210410338,0,0,0,75,2018091601,36
74,3.8,8.85,45.3942243022171,0,0,0,75,2018091602,3667
73,3.64,6.99,37.3232166352259,0,0,0,75,2018091602,3959
74,3.87,9.82,41.5517267992559,0,0,0,75,2018091603,1814
70,3.75,9.74,39.9022831426975,0,0,0,75,2018091603,2019
66,3.48,9.86,37.3860428502403,0,0,0,75,2018091604,711
69,4.18,10.2,30.7049653964957,0,0,0,75,2018091604,1469
72,3.52,9,43.2102684555419,0,0,0,75,2018091604,1860
71,4.2,8.66,38.0499106437847,0,0,0,75,2018091605,2362
73,4.17,8.7,41.9736834218776,0,0,0,75,2018091606,2565
70,3.94,8.83,42.2134350651543,0,0,0,75,2018091608,64
70,4.11,8.96,39.0776790508341,0,0,0,75,2018091608,1166
74,4.41,8.57,39.0492125400756,0,0,0,75,2018091610,1629
72,4.06,9.55,38.5081458914864,0,0,0,75,2018091610,3782
70,4.44,9.67,33.9971587048094,0,0,0,75,2018091611,2395
74,3.99,8.87,41.960744750302,0,0,0,75,2018091613,492
70,4.13,9.25,38.2008298339185,0,0,0,75,2018091613,3086
71,4.03,9.34,37.4927006229213,0,0,0,75,2018091700,2147
70,4.08,8.97,39.8257768285818,0,0,0,75,2018091700,3675
68,3.88,8.6,39.3523569815075,0,0,0,75,2018090900,2915
74,4.16,9.51,41.6478774969385,0,0,0,75,2018090902,2866
68,3.92,9.07,39.7297583682559,0,0,0,75,2018090906,399
71,3.81,8.84,44.2159812737431,0,0,0,75,2018090906,1289
72,4.18,8.69,42.8197384391825,0,0,0,75,2018090906,1784
71,4,9.39,37.6635447083782,0,0,0,75,2018090907,1220
71,4.27,8.65,40.469283413473,0,0,0,75,2018090907,3392
66,3.96,9.09,39.9087459086351,0,0,0,75,2018090912,36
70,4.13,9.42,39.0379943132329,0,0,0,75,2018091000,2698
67,3.94,7.91,37.9659281461681,0,0,0,75,2018091001,2163
73,4.09,8.59,40.3426449306438,0,0,0,75,2018091001,3889
70,3.93,8.98,40.726925982696,0,0,0,75,2019122903,2927
72,NA,8.9,48.4556137098685,0,0,0,75,2019122904,37
70,4.18,9.77,35.7384974502287,0,0,0,75,2019122904,512
70,4.09,8.21,39.6538182272527,0,0,0,75,2019122904,3198
70,4.03,10.24,37.0910474373534,0,0,0,75,2019122904,3414
70,4.02,9.17,37.8720279361959,0,0,0,75,2019122906,36
68,4.17,9.42,34.1477524882678,0,0,0,75,2019122906,2831
67,3.78,9.89,37.0719745899783,0,0,0,75,2019122910,586
68,4.01,9.21,35.307909878666,0,0,0,75,2019122910,1430
70,3.82,9.21,42.6927464565118,0,0,0,75,2019122914,2399
67,3.99,8.95,35.1041208407218,0,0,0,75,2019122915,440
67,3.91,9.26,33.949823269054,0,0,0,75,2019122915,1429
71,4.25,9.51,40.3628789855233,0,0,0,75,2019122200,3179
73,4.48,7.78,34.2935008419963,0,0,0,75,2019122201,3037
69,3.86,9.55,37.8868974712895,0,0,0,75,2019122210,2946
68,4.07,7.46,25.2648134764538,0,0,0,75,2019122210,4294
66,3.85,9.74,35.0101485286766,0,0,0,75,2019122213,2712
66,NA,9.26,26.9742469774413,0,0,0,75,2019121503,2115
70,3.92,9.21,40.5755160164353,0,0,0,75,2019121504,1421
68,4.08,9.01,38.2016962974159,0,0,0,75,2019121505,1300
69,4.11,9.13,35.9342747248362,0,0,0,75,2019121508,685
70,3.95,9.85,38.9229919199437,0,0,0,75,2019121511,2372
71,3.73,9.79,44.8596221562331,0,0,0,75,2019121511,3121
72,3.88,9.73,41.7059671989513,0,0,0,75,2019121511,3450
70,3.85,8.63,40.3558880462319,0,0,0,75,2019120800,735
73,3.9,8.08,41.0339530145464,0,0,0,75,2019120800,1481
68,4.06,8.86,40.5499013562302,0,0,0,75,2019120800,2247
66,3.93,8.96,35.2668243537748,0,0,0,75,2019120900,3875
68,3.85,9.86,37.1952389426389,0,0,0,75,2019120109,576
70,4.12,8.39,38.7516864149162,0,0,0,75,2019120109,1202
69,4.06,8.9,34.821662797747,-1,0,1,75,2019120109,2065
68,4.11,8.4,30.6282386042684,0,0,0,75,2019120111,847
67,4.04,8.97,32.1393372675915,0,0,0,75,2019112406,36
69,4.31,9.7,33.334404149467,0,0,0,75,2019112406,685
71,4.1,9.53,39.0018255982973,0,0,0,75,2019112406,1204
68,4.34,8.79,38.7052567489224,0,0,0,75,2019112407,1975
69,4.15,8.73,37.1316266813077,0,0,0,75,2019112407,3161
68,3.8,8.94,36.7001103540575,0,0,0,75,2019111701,235
70,4.05,9.44,40.5640653781151,0,0,0,75,2019111702,901
71,4.01,7.32,42.920099021321,0,0,0,75,2019111702,1236
70,4.09,8.91,40.5097642550534,0,0,0,75,2019111800,1291
70,3.9,8.86,40.5898731212602,0,0,0,75,2019111000,2781
65,NA,9.42,15.3963274841762,0,0,0,75,2019111002,36
71,4.08,9.82,36.0312489375542,0,0,0,75,2019111005,2069
68,3.91,8.21,37.2581507861032,0,0,0,75,2019111005,2929
74,3.65,10.19,46.1192757965691,0,0,0,75,2019111006,685
71,3.77,10.06,42.8533744295592,0,0,0,75,2019111006,1358
69,3.29,9.36,43.9659959514168,0,0,0,75,2019111006,3711
67,3.93,9.6,34.1440858714946,0,0,0,75,2019111010,2219
68,4.2,9.45,34.6184993897771,0,0,0,75,2019111100,4449
70,3.97,9.87,37.8309621870764,0,0,0,75,2019103100,2928
68,4.09,9.27,36.7511088268095,0,0,0,75,2019110300,1622
68,3.96,8.06,38.3646777648399,0,0,0,75,2019110306,1444
70,4.01,8.58,38.8696925637443,0,0,0,75,2019110306,3298
69,4.03,8.43,39.1674073688826,0,0,0,75,2019110306,3543
67,4.11,9.29,35.026738358003,0,0,0,75,2019110308,273
67,3.78,9.83,33.4762378411912,0,0,0,75,2019110308,945
67,3.96,9.67,34.1708311283176,-1,0,1,75,2019110311,37
70,3.97,9.49,35.1115365656361,0,0,0,75,2019110311,751
69,3.54,9.34,40.1588172136581,0,0,0,75,2019110311,3470
69,4.19,9.88,37.315338669239,0,0,0,75,2019102400,2839
67,4.3,9.2,36.0795302075845,0,0,0,75,2019102702,914
68,4.29,9.72,33.1521009892284,0,0,0,75,2019102704,36
67,4.22,9.05,32.9606689859293,0,0,0,75,2019102704,1060
70,4.09,8.86,34.3207765063671,0,0,0,75,2019102704,2425
72,4.06,10.01,32.5937739453411,0,0,0,75,2019102707,2191
71,3.68,9.41,41.9164979453198,0,0,0,75,2019102707,2844
73,4.16,8.1,38.0304996022929,0,0,0,75,2019102707,3078
73,3.45,9.92,42.1580478675187,0,0,0,75,2019102707,3309
70,3.88,9.76,38.6784449015211,0,0,0,75,2019102707,3813
67,4.32,9.71,34.7224336704673,0,0,0,75,2019102708,1606
70,3.83,8.16,41.0921707871463,0,0,0,75,2019102710,949
69,4.1,8.8,37.0984325814447,0,0,0,75,2019102710,2584
72,3.86,9.3,38.163900482,0,0,0,75,2019102712,3108
71,3.99,9.13,39.4990759385583,0,0,0,75,2019102000,309
72,4.18,8.7,38.5021103317727,0,0,0,75,2019102000,2322
69,3.89,9.37,42.9239851365178,0,0,0,75,2019102001,36
73,4.11,9.95,38.8638919821471,0,0,0,75,2019102001,1647
66,4.35,10.55,29.7777853441118,0,0,0,75,2019102005,1515
67,3.95,9.19,36.1517081200875,0,0,0,75,2019102010,3037
68,3.88,9.23,36.1193646123516,0,0,0,75,2019102010,3736
73,4.17,9.52,33.4875633631353,0,0,0,75,2019102011,36
67,3.71,9.36,40.8117556593685,0,0,0,75,2019102011,1489
70,4.11,9.7,39.156989159025,0,0,0,75,2019102100,635
70,3.84,9.6,38.606540896589,0,0,0,75,2019101000,1526
67,4.29,7.26,34.4409901135261,0,0,0,75,2019101302,991
66,4.15,9.46,33.660661015494,0,0,0,75,2019101306,789
72,4.12,6.8,40.2733224355776,0,0,0,75,2019101307,1525
71,3.77,8.53,44.9529142548067,0,0,0,75,2019101307,1826
70,3.85,9.37,40.16926685913,0,0,0,75,2019101307,2816
70,3.71,9.4,35.8919517440888,-1,0,1,75,2019101307,3762
69,4.06,9.48,37.2884378862939,0,0,0,75,2019100602,2056
67,4.42,9.52,29.5215395939982,0,0,0,75,2019100604,314
68,4.41,9.57,34.9721517782364,0,0,0,75,2019100604,1344
68,4.45,9.64,29.3084458816908,0,0,0,75,2019100607,681
70,4.03,8.92,37.6902440957869,0,0,0,75,2019100607,824
69,4.13,8.67,34.8121386875325,0,0,0,75,2019100607,1190
69,3.93,9.83,34.4384726722891,0,0,0,75,2019100609,1464
73,3.88,9.08,39.5697359101625,0,0,0,75,2019100610,3009
68,3.72,9.47,37.6398525501894,0,0,0,75,2019092600,36
71,3.71,9.05,40.0309392845084,0,0,0,75,2019092900,508
69,4.19,10.25,36.1143531023331,0,0,0,75,2019092900,933
70,3.75,9.82,40.0845606187719,0,0,0,75,2019092900,1859
71,4.07,9.14,38.0361998627623,0,0,0,75,2019092902,775
69,3.37,8.87,42.6232389665544,0,0,0,75,2019092902,2153
74,4,8.8,40.6363347264489,0,0,0,75,2019092906,293
72,4.16,9.35,39.3311441481175,0,0,0,75,2019092907,36
70,3.88,8.89,41.4323364052765,0,0,0,75,2019092907,1744
68,4.24,9.8,32.6312886659415,-1,0,1,75,2019092908,36
74,4.25,8.84,39.1850086129887,0,0,0,75,2019092909,1465
71,4.06,9.97,40.3200223214224,0,0,0,75,2019092909,2654
70,3.88,9.52,39.4029846585256,0,0,0,75,2019092912,2626
70,4,8.34,41.2705463981276,0,0,0,75,2019092205,3354
67,3.88,8.94,35.7505594361823,0,0,0,75,2019092207,354
67,3.9,9.31,37.1243760890335,0,0,0,75,2019092208,1818
71,4.35,8.75,37.4823184981932,0,0,0,75,2019092209,3785
67,4.08,9.67,35.5703837482814,0,0,0,75,2019092211,2396
73,3.94,9.58,39.7763660984761,0,0,0,75,2019092212,1615
73,4.07,9.36,42.9382486834291,0,0,0,75,2019092212,2023
68,4.31,9.41,35.9883106021942,0,0,0,75,2019092213,1087
72,3.92,9.65,39.4988923895342,0,0,0,75,2019091502,694
70,4.05,9.28,40.6374900799742,0,0,0,75,2019091503,2707
67,4.03,9.29,35.5210486894742,0,0,0,75,2019091504,36
71,3.84,10.05,38.2846653374429,0,0,0,75,2019091505,36
70,4.07,8.17,40.1276388540368,0,0,0,75,2019091507,1121
68,3.27,9.37,41.82633739643,0,0,0,75,2019091510,318
73,3.93,10.29,39.4874891579599,0,0,0,75,2019091512,2188
69,4.05,8.66,33.37449625088,0,0,0,75,2019091600,600
66,4.41,8.2,33.8928030708586,0,0,0,75,2019091600,1298
71,4.09,9.57,35.7480796687039,0,0,0,75,2019091600,1704
70,4.27,8.97,35.2798596935986,0,0,0,75,2019090803,460
69,4.33,9.11,33.7235822533728,0,0,0,75,2019090803,1315
72,4.25,8.41,37.9901592521011,0,0,0,75,2019090806,238
69,4.06,8.3,37.3567463786663,0,0,0,75,2019090806,3774
70,3.49,10.2,42.1183867212409,0,0,0,75,2019090808,45
73,3.85,8.74,44.5347908943109,0,0,0,75,2019090808,3603
67,4.25,9.27,31.6841190504013,-1,0,1,75,2019090809,1722
72,3.72,8.04,44.9705692647981,0,0,0,75,2019090809,2129
74,3.87,8.76,41.1174050737641,0,0,0,75,2019090809,4848
70,3.94,7.16,39.8717155387124,0,0,0,75,2019090809,5228
73,3.86,9.94,40.9874761360101,0,0,0,75,2019090810,741
70,4.21,9.21,34.2822694698003,0,0,0,75,2019090810,1883
68,4.46,7.78,34.0062303115179,0,0,0,75,2019090811,3907
67,4.05,9.36,34.9900914545818,0,0,0,75,2019090812,1603
68,4.26,10.64,34.093107807884,0,0,0,75,2019090900,36
69,4.09,9.64,35.6655239692339,0,0,0,75,2019090900,2642
67,3.95,8.23,36.6981866037002,0,0,0,75,2020122705,3423
67,3.93,9.05,35.4977647183594,0,0,0,75,2020122708,1905
68,3.89,9.52,37.8929399756736,0,0,0,75,2020122709,1312
70,3.46,8.67,44.631886583473,0,0,0,75,2020121700,430
68,NA,9.1,37.9572496369271,0,0,0,75,2020121700,1358
69,4.02,9.32,38.3024137620594,0,0,0,75,2020121700,3597
69,3.96,8.68,35.3246712652786,0,0,0,75,2020122003,2566
67,4.34,9.62,34.59552716754,0,0,0,75,2020122007,3637
66,3.85,9.11,35.2164578002956,0,0,0,75,2020121306,40
67,4.17,7.99,34.4746414049515,0,0,0,75,2020121306,2512
71,4.11,7.79,39.377822438525,0,0,0,75,2020121308,3479
71,3.95,9.93,39.4247701324941,0,0,0,75,2020120607,1159
70,3.9,9.82,38.6757184807212,0,0,0,75,2020120609,3681
67,3.85,9.29,36.4067301470484,0,0,0,75,2020120800,556
68,3.69,8.89,41.1466061783958,0,0,0,75,2020112902,1535
67,4.51,10.37,33.4897028950691,0,0,0,75,2020112907,1472
69,NA,8.96,43.4835198667265,0,0,0,75,2020112911,573
69,4.11,10.24,36.3305505050501,0,0,0,75,2020112203,2123
71,3.74,9.13,42.9973975956685,0,0,0,75,2020112212,772
69,3.79,9.04,41.5830602529443,0,0,0,75,2020112212,2906
67,4.08,8.96,36.1302712417164,0,0,0,75,2020112212,3772
70,3.73,9.53,41.8859463304818,0,0,0,75,2020111200,226
66,4.08,7.93,31.80698822586,0,0,0,75,2020111200,1408
68,3.99,8.5,35.1629421408391,0,0,0,75,2020111504,2407
73,NA,9.22,25.2632579055038,0,0,0,75,2020111505,307
70,4.24,10.14,37.5312896128017,0,0,0,75,2020111512,2967
70,4.1,9.91,34.0659859684114,0,0,0,75,2020110801,2783
73,3.98,9.61,40.0032361190942,0,0,0,75,2020110808,1454
75,3.23,9.15,49.9905441058607,0,0,0,75,2020110810,1191
70,4.42,9.37,39.0331871616961,0,0,0,75,2020110810,2324
67,3.97,7.8,30.2275123025366,0,0,0,75,2020110900,40
67,4.02,9.67,30.3501647441987,0,0,0,75,2020110900,2407
68,3.86,9.95,37.0566971005242,0,0,0,75,2020110100,2117
74,3.84,9.43,43.7513165516193,0,0,0,75,2020110111,2129
71,3.45,9.6,44.4436148394795,0,0,0,75,2020110200,2145
67,3.42,9.23,41.630043238027,0,0,0,75,2020110200,3581
74,3.91,8.35,44.6647791889762,0,0,0,75,2020102512,2882
71,4.19,9.89,35.8358270450118,0,0,0,75,2020102513,2320
67,3.72,9.03,41.4954093846536,0,0,0,75,2020101800,2847
67,3.79,9.59,40.116461708381,0,0,0,75,2020101801,1489
73,4.11,8.97,41.7201450141296,0,0,0,75,2020101812,2138
68,4.14,7.86,36.4910619193248,0,0,0,75,2020101105,3970
74,4.06,10,41.9041215156696,0,0,0,75,2020101106,951
74,3.81,9.27,46.2033602674091,0,0,0,75,2020101106,2119
69,3.98,9.19,34.9481701953049,0,0,0,75,2020101111,1533
70,3.87,8.68,40.6847883120952,0,0,0,75,2020101300,2312
69,4.09,9.81,37.9492977537134,0,0,0,75,2020100100,621
70,4.06,9.97,38.5680956231961,0,0,0,75,2020100100,3345
72,4.24,9.76,40.8149543672414,0,0,0,75,2020100100,4162
69,3.98,8.82,41.0754537406466,0,0,0,75,2020100402,4121
70,4.24,7.5,34.4739742414477,0,0,0,75,2020100412,917
70,3.68,8.14,32.5839300883119,0,0,0,75,2020100412,1945
69,4.13,9.68,35.1820522425853,0,0,0,75,2020092707,1186
70,4.24,7.36,40.7054357549456,0,0,0,75,2020092708,3513
72,3.76,9.25,43.9302458449756,0,0,0,75,2020092713,893
73,3.97,9.11,43.1666908622841,0,0,0,75,2020092000,592
70,4.23,9.61,38.7541959018633,0,0,0,75,2020092005,2193
72,4.2,9.75,38.3220484838689,0,0,0,75,2020092007,2742
74,4.51,9.91,39.4737887717913,0,0,0,75,2020092007,3270
68,4.23,9.48,36.4071009557202,0,0,0,75,2020092010,500
67,4.18,8.59,33.8520796997762,0,0,0,75,2020092011,2917
68,4.36,10.06,34.0821184787566,0,0,0,75,2020091303,1166
73,4.13,9.63,42.3104537909959,0,0,0,75,2020091303,1364
68,3.5,9.43,45.4141090411339,0,0,0,75,2020091305,3555
70,3.78,8.32,39.6651005293066,0,0,0,75,2020091306,1911
68,4.31,9.91,34.6852475845279,0,0,0,75,2020091306,2029
63,NA,7.65,35.6108747435387,-1,0,1,75,2020091309,964
71,NA,8.81,45.4847776734151,0,0,0,75,2020091309,2357
68,3.95,9.46,37.5807942970874,0,0,0,75,2020091400,1066
66,4.21,9.99,30.0235324370734,0,0,0,75,2020091400,1373
66,4.16,7.98,34.2103741575564,0,0,0,75,2020091400,3381
